sample_id,label,measure,hau,TuanAnh,theanh,hoang,minh,agree
BDD04,traffic_light,count,0,0,0,0,0,1
BDD07,traffic_light,count,4,4,6,2,2,0
BDD07,traffic_light,attr:escalate,false|false|false|false,false|false|true|true,false|false|false|false|false|false,false|false,false|false,0
BDD07,traffic_light,attr:pictogram,circle|circle|unknown|unknown,circle|circle|unknown|unknown,circle|circle|unknown|unknown|unknown|unknown,circle|circle,circle|circle,0
BDD07,traffic_light,attr:relevance,__undefined__|not_relevant|not_relevant|relevant,relevant|relevant|unknown|unknown,not_relevant|relevant|relevant|unknown|unknown|unknown,not_relevant|relevant,relevant|relevant,0
BDD07,traffic_light,attr:state,green|green|unknown|unknown,green|green|unknown|unknown,green|green|unknown|unknown|unknown|unknown,green|green,green|green,0
BDD12,traffic_light,count,0,0,0,0,0,1
BDD18,traffic_light,count,0,0,2,0,0,0
BDD18,traffic_light,attr:escalate,,,true|true,,,0
BDD18,traffic_light,attr:pictogram,,,circle|circle,,,0
BDD18,traffic_light,attr:relevance,,,relevant|relevant,,,0
BDD18,traffic_light,attr:state,,,green|green,,,0
BDD25,traffic_light,count,0,1,0,0,3,0
BDD25,traffic_light,attr:escalate,,true,,,true|true|true,0
BDD25,traffic_light,attr:pictogram,,circle,,,circle|circle|circle,0
BDD25,traffic_light,attr:relevance,,relevant,,,relevant|relevant|relevant,0
BDD25,traffic_light,attr:state,,green,,,green|green|green,0
LISA08,traffic_light,count,7,6,7,4,5,0
LISA08,traffic_light,attr:escalate,false|false|false|false|false|false|true,false|false|false|true|true|true,false|false|false|false|false|false|true,false|false|false|false,false|false|false|false|false,0
LISA08,traffic_light,attr:pictogram,arrow_left|circle|circle|unknown|unknown|unknown|unknown,arrow_left|circle|circle|circle|circle|unknown,arrow_left|circle|circle|circle|circle|unknown|unknown,arrow_left|circle|circle|circle,arrow_left|circle|circle|circle|circle,0
LISA08,traffic_light,attr:relevance,not_relevant|not_relevant|relevant|relevant|relevant|relevant|relevant,not_relevant|relevant|relevant|relevant|relevant|unknown,not_relevant|relevant|relevant|relevant|unknown|unknown|unknown,not_relevant|relevant|relevant|relevant,not_relevant|relevant|relevant|relevant|relevant,0
LISA08,traffic_light,attr:state,red|red|red|red|red|unknown|unknown,red|red|red|red|red|unknown,red|red|red|red|red|red|unknown,red|red|red|red,red|red|red|red|red,0
LISA16,traffic_light,count,6,6,6,3,5,0
LISA16,traffic_light,attr:escalate,false|false|false|false|true|true,false|false|false|false|true|true,false|false|false|false|false|true,false|false|false,false|false|false|false|false,0
LISA16,traffic_light,attr:pictogram,arrow_left|circle|circle|circle|unknown|unknown,arrow_left|circle|circle|other|unknown|unknown,arrow_left|circle|circle|unknown|unknown|unknown,arrow_left|circle|circle,arrow_left|circle|circle|circle|unknown,0
LISA16,traffic_light,attr:relevance,not_relevant|relevant|relevant|relevant|relevant|unknown,relevant|relevant|relevant|relevant|unknown|unknown,not_relevant|relevant|relevant|relevant|unknown|unknown,not_relevant|relevant|relevant,not_relevant|relevant|relevant|relevant|relevant,0
LISA16,traffic_light,attr:state,green|green|green|red|red|unknown,green|green|off|red|unknown|unknown,green|green|green|red|unknown|unknown,green|green|red,green|green|green|off|red,0
